Department,Code,Sarvam STT,Corrected Transcription
Grievance,GV_Q_1.ogg,"हेलो, मैं बीसी से सुपरवाइजर अलका बोल रही हूँ। मुझे ये बोलना था कि हमारे यहाँ पे मैं चेकिंग टीम और फोल्डिंग टीम को देखती हूँ। तो मैं अगर कुछ चेकिंग टीम को बोल रही थी आज, तो शक्ति ने मुझे बोला कि ये क्यों छुट्टी पे से आई वापस? नहीं थी तो शांति था और अभी वो बोल रही है तू वापस चले जा। और उसने मुझे क्यों ऐसे बोला? प्लीज ऋषि। एंड अनु दीदी आप मेरी हेल्प कीजिए।",
Grievance,GV_Q_2.ogg,"दीदी, दीदी मैं हीना बोल रही हूँ, उसको बहुत परेशान किया है। संजू कुछ भी कुछ मार रहा है, सर में लकड़ा हिंच के मारा, सूजन पड़ गया सर में, हाथ में लग गया लकड़ा। वो सोने नहीं देता है। दीदी, अनु दीदी मैं हीना बोल रही हूँ, वो बहुत मार रहा है, सोने नहीं देता है, गंदा गंदा गाली देता है।",
HR-Admin,HR_Ad_Q_1.ogg,26 जनवरी को छुट्टी है कि चालू है?,छब्बीस जनवरी को छुट्टी है कि चालू है
HR-Admin,HR_Ad_Q_10.ogg,"मैं सरजू बात कर रहा हूँ बीसी ऑफिस से, मेरे पीएफ की जानकारी चाहिए।",मैं सरजू बात कर रहा हूँ बीसी ऑफिस से मेरे पीएफ की जानकारी चाहिए
HR-Admin,HR_Ad_Q_11.ogg,"लोन के बारे में। हेलो सर, मेरा लोन कितना बाकी है, ये भाई बोल रहे थे।",लोन के बारे में हेलो सर मेरा लोन कितना बाकी है मै अय्युब बोल रहा हू
HR-Admin,HR_Ad_Q_12.1.ogg,"तो दीदी मेरा यह जो लोन का जो खत्म करना है, यह कितने महीने में खत्म हो जाएगा? और है ना मुझे है ना प्रीति दीदी से बात करना है, प्रीति दीदी शायद आ नहीं रही है, तो जरा उनको भेजिए तो मैं उनसे पूछूँ।",तो दीदी मेरा यह जो लोन का जो खत्म करना है यह कितने महीने में खत्म हो जाएगा और है ना मुझे है ना प्रीति दीदी से बात करना है प्रीति दीदी शायद आ नहीं रही है तो जरा उनको भेजिए तो मैं उनसे पूछूँ
HR-Admin,HR_Ad_Q_12.ogg,"हाय टाइनी टीम, मैं भारती विक्रम परदेसी बोल रही हूँ डी सी ऑफिस से। मुझे यह जानना है कि जो मैंने कंपनी से लोन लिया था 50,000, तो वह अभी तक मतलब कितना और बाकी है भरना और मैं फिर दोबारा कब लोन के लिए अप्लाई कर सकती हूँ और किस को बोलना है मुझे लोन के लिए? प्लीज मुझे यह बताइए।",हाय टाइनी टीम मैं भारती विक्रम परदेसी बोल रही हूँ बीसी ऑफिस से मुझे यह जानना है कि जो मैंने कंपनी से लोन लिया था पचास हज़ार तो वह अभी तक मतलब कितना और बाकी है भरना और मैं फिर दोबारा कब लोन के लिए अप्लाई कर सकती हूँ और किस को बोलना है मुझे लोन के लिए प्लीज मुझे यह बताइए
HR-Admin,HR_Ad_Q_13.ogg,"हॅलो, गुड इव्हिनिंग, मी वत्सला बामणे बीसी ऑफिसमध्ये आहे, स्टिचिंगचं काम करते. मला त्या पर पीसवरती असाच पगार व्यवस्थित येत नाही, तर कृपया सॅलरीवर 20-25 हजारापर्यंत सॅलरी मिळेल. माझी 2 मुलं आहेत, त्यांच्या शिक्षणाचा खर्च, घर खर्च सगळं नाही त्या पगारावर चालत आहे, तर कृपया मला काही हेल्प मिळाली. किंवा सॅलरी सिस्टम म्हणजे 20-25 पर्यंत तरी गेला तरी मला आनंद होईल असं माझी इच्छा आहे. जर झालं काही त्याच्यातून मार्ग निघत असेल तर प्लीज काढा.",हॅलो गुड इव्हिनिंग मी वत्सला बामणे बी सी ऑफिसमध्ये आहे स्टिचिंगचं काम करते मला त्या पर पीसवरती असाच पगार व्यवस्थित येत नाही तर कृपया सॅलरीवर वीस -पंचवीस हजारापर्यंत सॅलरी मिळेल माझी दोन मुलं आहेत त्यांच्या शिक्षणाचा खर्च घरखर्च हे सगळं नाही त्या पगारावर चालत आहे तर कृपया मला काही हेल्प मिळाली किंवा सॅलरी सिस्टम म्हणजे वीस -पंचवीस पर्यंत तरी गेला तरी मला आनंद होईल असं माझी इच्छा आहे जर झालं काही त्याच्यातून मार्ग निघत असेल तर प्लीज काढा
HR-Admin,HR_Ad_Q_14.ogg,"आईजीपी में ना मैं रेखा बोल रही हूँ, आईजीपी में कितना दिन से मच्छर काट रहे हैं, लेकिन उसका कोई सलूशन नहीं निकल रहा है, क्यों ऐसा?",आईजीपी में ना मैं रेखा बोल रही हूँ आईजीपी में कितना दिन से मच्छर काट रहे हैं लेकिन उसका कोई सलूशन नहीं निकल रहा है क्यों ऐसा
HR-Admin,HR_Ad_Q_15.ogg,"हाउसकीपिंग वाले को है ना दीदी, 1 घंटा या आधा घंटा पहले बुलाओ, क्योंकि हम लोग मशीन के नीचे भी पोछा नहीं लगता है ना, तो मच्छर काटते हैं।",
HR-Admin,HR_Ad_Q_16.ogg,"मैं जुलेखा अंसारी बोल रही हूँ बीसी से, फ्लोर पर ना मच्छर बहुत काट रहे हैं, मच्छर के लिए कुछ कीजिए, थैंक यू।",
HR-Admin,HR_Ad_Q_17.ogg,"मैं सुशीला बोल रही हूँ मुंबई सेंटर से, मेरा लोन कभी ख़त्म होएगा?",
HR-Admin,HR_Ad_Q_18.ogg,"हम लोग की मशीन के पास गुड नाईट लगना चाहिए ना, उधर होल्डर नहीं है।",
HR-Admin,HR_Ad_Q_19.ogg,"मैं सुष्मिता, मुझे मैं ट्रेनिंग के लिए आती हूँ, मुझे थोड़ा पीएफ निकालना है।",
HR-Admin,HR_Ad_Q_2.ogg,और मैं टेनी मेडिकल से बोल रहा हूं। बॉम्बे सेंटर से। सर मेडिसिन मेरे को चाहिए था सर्दी और बदन दर्द के लिए। तो ये लोग स्टाफ लोग बोल रहे हैं कि नहीं है करके। और रखना बंद कर दिए पहले रखते थे सर। ठीक है।,और मैं टेनी मेडिकल से बोल रहा हूं बॉम्बे सेंटर से सर मेडिसिन मेरे को चाहिए था सर्दी और बदन दर्द के लिए तो ये लोग स्टाफ लोग बोल रहे हैं कि नहीं है करके और रखना बंद कर दिए पहले रखते थे सर ठीक है
HR-Admin,HR_Ad_Q_20.ogg,"नमस्ते सर जी, मेरा नाम शिव परदेशी है, बेतवाला सॉरी, शिव बेतवाला है। मुझे 2 चीज़ जानना है, पहला पीएफ ख़त्म हो चू ए सॉरी, पीएफ का पेमेंट कितना जमा हुआ है? और दूसरी बात, दूसरा लोन, लोन का कितना पैसा बाकी है कटना और कभी ख़त्म होगा? यही दोनों जानना है, धन्यवाद।",
HR-Admin,HR_Ad_Q_21.ogg,"हेलो, मैं बी सी ऑफिस से माधुरी माथुर बोल रही हूँ। मुझे पी एफ का मैसेज नहीं आता है, तो आप मुझे प्लीज़ हेल्प करोगे?",
HR-Admin,HR_Ad_Q_22.ogg,"हाय टाइनी टीम, मैं बी सी ऑफिस से बोल रही हूँ। मेरा नाम भारती है। मुझे मेरे पी एफ के बारे में जानना है कि अभी मैंने गए साल में मेरा पी एफ का पैसा निकाला था, तो वह निकालने के बाद में जब से अब तक मेरा पी एफ में कितना पैसा बचा है? और दूसरी बात यह है कि जो हमको पेड लिफ्ट मिलता है। वह पैडलिफ्ट किस महीने में मिलेगा और कितना मिलेगा?",
HR-Admin,HR_Ad_Q_23.ogg,"हाय टाइनी टीम, मैं भारती विक्रम परदेसी बोल रही हूँ। बिना दीदी मैं आपको पूछ रही हूँ अकाउंट्स का, आप ही देखते हो ना? तो मेरे अकाउंट्स में प्रॉब्लम है क्योंकि मेरा पेमेंट कम आया है जनवरी का। जिस तरीके से मुझे पेमेंट के बारे में बताया है तो मेरा पेमेंट कम आया है। मेरे पास पेमेंट स्लिप है लेकिन मेरा जो रिकॉर्ड है ना, मेरे रिकॉर्ड से मैंने जो जिस तरीके से मतलब मेरा ये था ना। मतलब मैंने हिसाब किया था तो मेरा ज़्यादा हो रहा है और मेरा है ना डेली बेसिस में 1 दिन का है और 1 दिन शूटिंग हो रहा था कंपनी में तो उसका भी बोले थे 1 दिन का फुल दिन फुल टाइम जे मतलब फुल टाइम का पैसा जैसा जो आएगा वैसा उसको मिलेगा तो उसका भी हिसाब मुझे मिला नहीं है तो आपसे मैं यह पूछ रही हूं कि मैं वह जो स्लिप है पेमेंट वह मैं आपको लाकर दिखाऊँ क्या? मैं कल आऊँ, आप मिलेंगे मुझे कल या फिर किससे पूछूँ? आप मुझे बताइए अकाउंट्स का और अलावा आपके अलावा और कौन देखता है? मुझे बताइए तो मैं उनसे पूछूँगी, मैं पेमेंट स्लिप उनको बताऊँगी।",
HR-Admin,HR_Ad_Q_24.ogg,"और मच्छर का गुड नाईट दिया है दीदी, लेकिन इधर ना पॉइंट नहीं है लगाने वाला।",
HR-Admin,HR_Ad_Q_25.ogg,मी बीसीओ ऑफिस से स्वाती बोल रही हूँ। मुझे है ना ये ये फ्लोर के लिए बोलना है कि एग्जस्ट फैन खिड़की के पास लगाओ। खाना खाने के टाइम जब बैठते है ना तो बहुत डस्ट उडता है।,
HR-Admin,HR_Ad_Q_26.ogg,"हेलो, मैं सीता राजेश बोल रही हूँ। साइनिंग मेडिकल से मैं स्टिचिंग का काम करती हूँ। यहाँ पर एजेस पेन की ज़रूरत है। क्योंकि यहाँ पर डस्ट बहुत होता है, पानी भी लेने जाते हैं तो वहाँ पर भी पानी के ऊपर भी डस्ट बहुत रहता है, आप प्लीज़ एक एडजस्ट फैन लगा दीजिए।",
HR-Admin,HR_Ad_Q_27.ogg,सर मुझे भी एक जेस्क फैन चाहिए।,
HR-Admin,HR_Ad_Q_28.ogg,"मेरा नाम रतिका जाधव है, मैं बीसी से बोल रही हूँ, मेरा जो भी पीएफ है वो मेरे अकाउंट में डालो।",
HR-Admin,HR_Ad_Q_29.ogg,"ऋषि सर हमको ये टेबल नहीं जम रहा है, प्लीज हम लोग के लिए एक चेयर करो सबके लिए। मैं मुंबई सेंटर से बोल रही हूँ सीमा।",
HR-Admin,HR_Ad_Q_3.ogg,"मेरा नाम ज्योति है, मैं बीसी से बोल रही हूँ, मुझे मेरा पीएफ का अमाउंट जानना है।",मेरा नाम ज्योति है मैं बीसी से बोल रही हूँ मुझे मेरा पीएफ का अमाउंट जानना है
HR-Admin,HR_Ad_Q_4.ogg,"मैं हदिका बोल रही हूँ, मुझे ना पीएफ के बारे में बोलना है, पीएफ का पैसा मुझे ना निकाल के ट्राई करना है कि मेरा आ पा रहा है कि नहीं, ठीक है।",मैं हदिका बोल रही हूँ मुझे ना पीएफ के बारे में बोलना है पीएफ का पैसा मुझे ना निकाल के ट्राई करना है कि मेरा आ पा रहा है कि नहीं ठीक है
HR-Admin,HR_Ad_Q_5.ogg,"मैं हेमलता परदेसी बीसी ऑफिस से, मुझे मेरा पीएफ का पैसा जानना है।",मैं हेमलता परदेसी बीसी ऑफिस से मुझे मेरा पीएफ का पैसा जानना है
HR-Admin,HR_Ad_Q_6.ogg,"मैं बबीता विलास बोल रही हूँ, मेरा पूरे साल का पीएफ कितना जमा हुआ है वो भी मुझे पता करना है।",मैं बबीता विलास बोल रही हूँ मेरा पूरे साल का पीएफ कितना जमा हुआ है वो भी मुझे पता करना है
HR-Admin,HR_Ad_Q_7.ogg,मुझे पीएफ निकालना है।,मुझे पीएफ निकालना है
HR-Admin,HR_Ad_Q_8.ogg,"मैं डाइनिंग कंपनी से बोल रही हूँ, अफसरा ग्रैंड डोर बिल्डिंग से मेरा पीएफ का पैसा कितना जमा हुआ है आप बता दो।",मैं टाइनी कंपनी से बोल रही हूँ अप्सरा ग्रांट रोड बिल्डिंग से मेरा पीएफ का पैसा कितना जमा हुआ है आप बता दो
HR-Admin,HR_Ad_Q_9.ogg,"सर मैं अजीब खान बोल रहा हूँ, अजीब खान बोल रहा हूँ, जी सर से काम है, मेरा पीएफ का पैसा और लोन कितना कटा है आप बताइए प्लीज।",सर मैं अय्युब खान बोल रहा हूँ अय्युब खान बोल रहा हूँ दिनेश सर से काम है मेरा पीएफ का पैसा और लोन कितना कटा है आप बताइए प्लीज
Helpdesk,HD_Q_2.ogg,"हॅलो, मी करुणा गावडे, मला आयुष्यमान कार्ड काढायचं आहे, त्याच्यासाठी काय काय डॉक्युमेंट लागतील?",हॅलो मी करुणा गावडे मला आयुष्यमान कार्ड काढायचं आहे त्याच्यासाठी काय काय डॉक्युमेंट लागतील
Helpdesk,HD_Q_3.ogg,"मेरे लड़के का डेथ सर्टिफिकेट मंगाना है, अभी तक निकाला नहीं है तो उसके लिए क्या कर सकते हैं?",मेरे लड़के का डेथ सर्टिफिकेट मंगाना है अभी तक निकाला नहीं है तो उसके लिए क्या कर सकते हैं
Helpdesk,HD_Q_4.ogg,"मेरा नाम सीमा है, आपने जो मेरा वोटिंग कार्ड बनाया था वह मुझे बनाकर चाहिए।",मेरा नाम सीमा है आपने जो मेरा वोटिंग कार्ड बनाया था वह मुझे बनाके चाहिए
Helpdesk,HD_Q_5.ogg,"हेलो मैडम, मैं चंदा देवी बोल रही हूँ। हमारे आधार कार्ड में यहाँ का एड्रेस डालने का है, हो जाएगा क्या?",हेलो मैडम मैं चंदा देवी बोल रही हूँ हमारे आधार कार्ड में यहाँ का एड्रेस डालने का है हो जाएगा क्या
Helpdesk,HD_Q_6.ogg,"हॅलो प्रीती, मी सारिका बोलते आहे. त्या पोपलकर मावशी आहेत ना, त्यांनी काय सांगितलंय की त्यांचं डॉक्युमेंट्स सबमिट केलंय त्यांनी, तर त्यांचं काम झालेलं आहे, थोडंसंच राहिलंय आता बघतो.",हॅलो प्रीती मी सारिका बोलते आहे त्या पोपलकर मावशी आहेत ना त्यांनी काय सांगितलंय की त्यांचं डॉक्युमेंट्स सबमिट केलंय त्यांनी तर त्यांचं काम झालेलं आहे थोडंसंच राहिलंय आता बघतो
Helpdesk,HD_Q_7.ogg,"मी संचिता ऐके बोलते आहे, आज आपल्याला पोस्टात जायचं आहे.",मी संचिता ऐके बोलते आहे आज आपल्याला पोस्टात जायचं आहे
Helpdesk,HD_Q_8.ogg,कौन सा फॉर्म भरा था वो मुझे समझ में नहीं आ रहा है और मालूम भी नहीं है।,कौन सा फॉर्म भरा था वो मुझे समझ में नहीं आ रहा है और मालूम भी नहीं है
Helpdesk,Hd_Q_1.ogg,"हेलो दीदी, मैं दिव्या बोल रही हूँ, मेरा आधार कार्ड पैन कार्ड लिंक नहीं है तो क्या करूँ मैं?",हेलो दीदी मैं दिव्या बोल रही हूँ मेरा आधार कार्ड पैन कार्ड लिंक नहीं है तो क्या करूँ मैं
Helpdesk,Hd_Q_10.ogg,"मैं निर्मला प्रजापति, पोस्ट ऑफिस में मुझे पैसा भरना है, क्या-क्या डॉक्यूमेंट लगेगा?",मैं निर्मला प्रजापति पोस्ट ऑफिस में मुझे पैसा भरना है क्या-क्या डॉक्यूमेंट लगेगा
Helpdesk,Hd_Q_100.ogg,"मुझे पैन कार्ड करेक्शन करना है बी सी ऑफिस से, मेरा नाम पवन है।",
Helpdesk,Hd_Q_101.ogg,"Good afternoon sir, my name is Bhavesh. I want to make my election card and PAN card.",
Helpdesk,Hd_Q_102.ogg,"सर, मैं बबीता विलास मुंबई सेंटर से, मुझे पैन कार्ड का नाम चेंज करना है।",
Helpdesk,Hd_Q_103.ogg,"हेलो दिनेश सर, मैं बीसी से प्रीतम बोल रहा हूँ। मुझे केवाईसी के लिए जानकारी चाहिए था और लाड़की बहन का।",
Helpdesk,Hd_Q_104.ogg,"मैं मुंबई सेंटर से नंदिनी परदेसी बोल रही हूँ, मुझे पैन कार्ड में नाम चेंज कराना है, मुंबई सेंटर बीसी से।",
Helpdesk,Hd_Q_105.ogg,"सर मैं बॉम्बे सेंटर से बोल रही हूँ, मेरा नाम सुधा है, मैं आधार अपडेट करने के लिए दी थी, अभी तक मेरा हुआ नहीं है वो।",
Helpdesk,Hd_Q_106.ogg,दिनेश और मेरी दृष्टि का ना आधार कार्ड बनाने का है वो पांच साल कंप्लीट हो गया है ना? पांच साल का बना हुआ है। रिन्यू कराने का। पांच पांच साल का हो गया ये उसका खाली आधार कार्ड है रिन्यू करना है।,
Helpdesk,Hd_Q_107.ogg,"हेलो सर, मैं मीनू बोल रही हूँ। हाँ, मुझे आयुष्मान कार्ड फैमिली के लिए बनाना है और पैन कार्ड करना है, आधार कार्ड करना है। मेरा चोरी हो गया सर। गया? लाल बटन दबाओ।",
Helpdesk,Hd_Q_108.ogg,"मैं बीसी ऑफिस से बोल रही हूँ, मेरा नाम कल्पना सनी है, मेरे को बच्चे को कॉलेज ट्रिप के लिए क्या क्या डॉक्यूमेंट देना है?",
Helpdesk,Hd_Q_109.ogg,"मैं रेणु परदेसी बोल रही हूँ, मुझे मेरी बेटी का दृष्टि का आधार कार्ड वापस बनाने का है। उसका 5 साल कंप्लीट हो गया है ना, तो उसके लिए मुझे आधार कार्ड बनाने का है। दिनेश सर, कल मुझे...",
Helpdesk,Hd_Q_11.ogg,"मॅडम, मी संध्या पवार बोलते. मी पोस्टमध्ये गेली होती आयडी खोलण्यासाठी, तर आधार कार्ड पेन कार्ड लिंक नाही. तर त्यांनी सांगितलेत आधार कार्ड पेन कार्ड लिंक करण्यासाठी तर कोणते कोणते डॉक्युमेंट्स लागतील?",मॅडम मी संध्या पवार बोलते मी पोस्टमध्ये गेली होती आर्दी खोलण्यासाठी तर आधार कार्ड पेन कार्ड लिंक नाही तर त्यांनी सांगितलेत आधार कार्ड पेन कार्ड लिंक करण्यासाठी तर कोणते कोणते डॉक्युमेंट्स लागतील
Helpdesk,Hd_Q_110.ogg,"मी रंजना कोलेकर टायनी मेमाईडीशी टायनी मिरेकलमधून बोलते, मला लोन हवं आहे.",
Helpdesk,Hd_Q_12.ogg,"मी प्रमिला जाधव, माझ्या मुलीच्या कॉलरशिपचा फॉर्म भरायचा आहे. कोणते कोणते डॉक्युमेंट्स घेऊन येऊ?",मी प्रमिला जाधव माझ्या मुलीच्या स्कॉलरशिपचे फॉर्म भरायचा आहे कोणते कोणते डॉक्युमेंट्स घेऊन येऊ
Helpdesk,Hd_Q_13.ogg,"मी बेबी परफ आहे, माझा आधार कार्ड अपडेट केलेला अजून आला नाही आहे, ते मला पाहिजेत आहे.",मी बेबी बरफ़ आहे माझा आधार कार्ड अपडेट केलेला अजून आला नाही आहे ते मला पाहिजेत आहे
Helpdesk,Hd_Q_14.ogg,"मी वर्षा किरकिरे स्टिचिंग डिपार्टमेंटमध्ये आहे. मी आधार कार्ड अपडेट केलं, ते अजूनपर्यंत आलं नाही आहे.",मी वर्षा किरकिरे स्टिचिंग डिपार्टमेंटमध्ये आहे मी आधार कार्ड अपडेट केलं ते अजूनपर्यंत आलं नाही आहे
Helpdesk,Hd_Q_15.ogg,"मी लता पाटील, मला पोस्टर सेव्हिंग अकाउंट खोलायचा आहे, ओपन करायचा आहे, तर कोणकोणते डॉक्युमेंट पाहिजे?",मी लता पाटील मला पोस्टर सेव्हिंग अकाउंट खोलायचा आहे ओपन करायचा आहे तर कोणकोणते डॉक्युमेंट पाहिजे
Helpdesk,Hd_Q_16.ogg,"मी विद्या मगरे माझ्या मुलीचे स्कॉलरशिपचे फॉर्म भरायचा आहे, त्याच्यासाठी कोणते कोणते डॉक्युमेंट लागणार आहेत?",मी विद्या मगरे माझ्या मुलीचे स्कॉलरशिपचे फॉर्म भरायचा आहे त्याच्यासाठी कोणते कोणते डॉक्युमेंट लागणार आहेत
Helpdesk,Hd_Q_17.ogg,"मी सारिका कांबळे, पोराचं पीपीएलचं अकाउंट ओपन करायचं आहे, काय काय डॉक्युमेंट्स लागणार?",मी सारिका कांबळे पोराचं पीपीएलचं अकाउंट ओपन करायचं आहे काय काय डॉक्युमेंट्स लागणार
Helpdesk,Hd_Q_18.ogg,"मी कृतिका सावरे, माझ्या मुलींच्या अकाउंटमध्ये पैसे भरायचे आहेत, तर ते कसे भरायचे? सुकन्याचे.",मी कृतिका सावरे माझ्या मुलींच्या अकाउंटमध्ये पैसे भरायचे आहेत तर ते कसे भरायचे सुकन्याचे
Helpdesk,Hd_Q_19.ogg,"मैं इंदू जायसवाल, आपने जो सेशन लिया था उस पॉलिसी का नाम क्या है? हमें जानना है।",मैं इंदू जायसवाल आपने जो सेशन लिया था उस पॉलिसी का नाम क्या है हमें जानना है
Helpdesk,Hd_Q_20.ogg,"मेरा नाम टी बामा, मेरा पैन कार्ड नाम चेंज करने का आधार कार्ड अपडेट किया, क्या क्या डॉक्यूमेंट्स चाहिए?",मेरा नाम टी बामा मेरा पैन कार्ड नाम चेंज करने का आधार कार्ड अपडेट किया क्या क्या डॉक्यूमेंट्स चाहिए
Helpdesk,Hd_Q_21.ogg,"मेरा नाम कलेरसी, मेरे को आयुष्मा कार्ड बनाने का उसको क्या क्या ट्रैक मेट चाहिए?",मेरा नाम कलेरसी मेरे को आयुष्मा कार्ड बनाने का उसको क्या क्या डॉक्यूमेंट्स चाहिए
Helpdesk,Hd_Q_22.ogg,"मी निकिता महाले, माझ्या मुलाचं रॅशन कार्डवरती नाव चढवायचं आहे, त्याच्यासाठी काय काय डॉक्युमेंट्स लागतील?",मी निकिता महाले माझ्या मुलाचं रॅशन कार्डवरती नाव चढवायचं आहे त्याच्यासाठी काय काय डॉक्युमेंट लागतील
Helpdesk,Hd_Q_23.ogg,"मी शीला सदाफुले, माझ्या नवऱ्याचा आधार कार्ड अपडेट केलेलं आहे, ते आले नाही आहे.",मी शीला सदाफुले माझ्या नवऱ्याचा आधार कार्ड अपडेट केलेला आहे ते आले नाही आहे
Helpdesk,Hd_Q_24.ogg,"मी रुपाली मिरके, मला आयुष्मान कार्ड काढायचं आहे, तर कोणते डॉक्युमेंट्स लागतील ते सांगा.",मी रुपाली मिरके मला आयुष्मान कार्ड काढायचं आहे तर कोणते डॉक्युमेंट्स लागतील ते सांगा
Helpdesk,Hd_Q_25.ogg,"मैं रेखा आकाश परदेसी बोल रही हूँ, बॉम्बे सेंटर बीसी से। मुझे मेरे राशन कार्ड का इनकम कम कराना है, तो उसका हल कैसे निकलेगा? छोड़ूँ?",मैं रेखा आकाश परदेसी बोल रही हूँ बॉम्बे सेंटर बीसी से मुझे मेरे राशन कार्ड का इनकम कम कराना है तो उसका हल कैसे निकलेगा छोड़ूँ
Helpdesk,Hd_Q_26.ogg,मला आयुष्यमान कार्ड बनवायचं आहे.,मला आयुष्यमान कार्ड बनवायचं आहे
Helpdesk,Hd_Q_27.ogg,"हाय, मी सैन्याज बाबा, मला लोन पाहिजे, एक लाखापर्यंत मिळू शकतो का?",हाय मी सैन्याज बाबा मला लोन पाहिजे एक लाखापर्यंत मिळू शकतो का
Helpdesk,Hd_Q_28.ogg,"हेलो दीदी, मैं भावना बोल रही हूँ और मैं बी डी सी जी से बोल रही हूँ और है ना मेरे को घर का जो भी तकलीफ़ है वो पेपर के लिए मेरे को खाली राशन कार्ड अगर नया बनाना रहेगा तो क्या करना पड़ेगा? नया राशन के लिए मेरे को नाम चढ़ाना है राशन कार्ड में, कार्ड ही बनाना है मेरे को। वो मेरे को मदद चाहिए और मेरे को इतना जानना है पीएफ कितना है मेरा बस और आप इस इसमें भेजो मेरे को मैं इंतजार करूंगी",हेलो दीदी मैं भावना बोल रही हूँ और मैं बी डी सी जी से बोल रही हूँ और है ना मेरे को घर का जो भी तकलीफ़ है वो पेपर के लिए मेरे को खाली राशन कारट अगर नया बनाना रहेगा तो क्या करना पड़ेगा नया राशन के लिए मेरे को नाम चढ़ाना है राशन कार्ड में कार्ड ही बनाना है मेरे को वो मेरे को मदद चाहिए और मेरे को इतना जानना है पीएफ कितना है मेरा बस और आप इस इसमें भेजो मेरे को मैं इंतज़ार करूँगी
Helpdesk,Hd_Q_29.ogg,"मेरा नाम वंदना है, मैं मुंबई सेंट्रल ऑफिस से बोल रही हूँ। मुझे ना, मेरा मानपुर से राशन कार्ड है, तो मुझे यहाँ पर ट्रांसफर करवाना है।",मेरा नाम वंदना है मैं मुंबई सेंट्रल ऑफिस से बोल रही हूँ मुझे ना मुझे मेरा मानपुर से राशन कार्ड है तो मुझे यहाँ पर ट्रांसफर करवाना है
Helpdesk,Hd_Q_30.ogg,"मी संध्या पवार बोलते, माझं आधार कार्ड पॅन कार्ड लिंक झालं आहे, आरडी खोलण्यासाठी कोणते कोणते डॉक्युमेंट्स लागतील ते सांगा.",मी संध्या पवार बोलते माझं आधार कार्ड पॅन कार्ड लिंक झालं आहे आरडी खोलण्यासाठी कोणते कोणते डॉक्युमेंट्स लागतील ते सांगा
Helpdesk,Hd_Q_31.ogg,"मी संगीता नडगे, माझ्या मुलाचं आधार कार्ड अपडेट केलेलं आहे पण अजून आलेलं नाही.",मी संगीता नडगे माझ्या मुलाचं आधार कार्ड अपडेट केलेलं आहे पण अजून आलेलं नाही
Helpdesk,Hd_Q_32.ogg,"गुडमेश कुमार, मुझे आयुष्मान कार्ड निकालना है।",गुडमेश कुमार मुझे आयुष्मान कार्ड निकालना है
Helpdesk,Hd_Q_33.ogg,"मी नीलम मिरके, माझ्या मुलांचं राशन कार्डावरती नाव चढवायचं आहे आणि माझं पण नाव चढवायचं आहे.",मी नीलम मिरके माझ्या मुलांचं राशन कार्डावरती नाव चढवायचं आहे आणि माझं पण नाव चढवायचं आहे
Helpdesk,Hd_Q_34.ogg,"मी निकिता महाले, मला मॅरेज सर्टिफिकेट काढायचं आहे, काय काय डॉक्युमेंट्स लागतील?",मी निकिता महाले मला मॅरेज सर्टिफिकेट काढायचं आहे काय काय डॉक्युमेंट्स लागतील
Helpdesk,Hd_Q_35.ogg,"मॅडम, मी कल्पना लोतडे, मला मॅरेज सर्टिफिकेट बनवायचं आहे, त्याच्यासाठी काय काय डॉक्युमेंट्स लागणार आहेत? झालं?",मॅडम मी कल्पना लोतडे मला मॅरेज सर्टिफिकेट बनवायचं आहे त्याच्यासाठी काय काय डॉक्युमेंट्स लागणार आहेत झालं
Helpdesk,Hd_Q_36.ogg,"हाय प्रीती मॅडम, मी अपर्णा पवार बोलते, म्हणजे 2 महिन्याचे पेंडिंग होते साथी ॲपचे बॅलन्स जे मी आता भरले आहेत आणि फेब्रुवारीचे सुद्धा भरलेले आहेत, तर तुम्ही एकदा चेक करा, ओके? तर सरांनी सांगितलेलं की पे केल्यानंतर तुम्हाला सांगायला, त्यामुळे तुम्हाला मेसेज करते. तर डिसेंबर, जानेवारी आणि फेब्रुवारीचे असे 3 महिन्याचे मी भरलेले आहेत, ठीक आहे, तुम्ही एकदा चेक करा मॅडम.",हाय प्रीती मॅडम मी अपर्णा पवार बोलते म्हणजे दो महिन्याचे पेंडिंग होते साथी ॲपचे बॅलन्स जे मी आता भरले आहेत आणि फेब्रुवारीचे सुद्धा भरलेले आहेत तर तुम्ही एकदा चेक करा ओके तर सरांनी सांगितलेलं की पे केल्यानंतर तुम्हाला सांगायला त्यामुळे तुम्हाला मेसेज करते तर डिसेंबर जानेवारी आणि फेब्रुवारीचे असे तीन महिन्याचे मी भरलेले आहेत ठीक आहे तुम्ही एकदा चेक करा मॅडम
Helpdesk,Hd_Q_37.ogg,"प्रीती मॅडम, मी तन्वी राणे बोलते. मला स्कॉलरशिपसाठी ईमेल आला आहे.",प्रीती मॅडम मी तन्वी राणे बोलते मला स्कॉलरशिपसाठी ईमेल आला आहे
Helpdesk,Hd_Q_38.ogg,"मैं दिव्या पाली बोल रही हूँ, यह पूछना था कि लोन कभी पूरा होगा और दूसरा लोन ले सकते हैं क्या ज़रूरत है इसलिए।",मैं दिव्या पाली बोल रही हूँ यह पूछना था कि लोन कभी पूरा होगा और दूसरा लोन ले सकते हैं क्या ज़रूरत है इसलिए
Helpdesk,Hd_Q_39.ogg,"मी राजेश गावडे, मला गव्हर्नमेंटची 20 रुपयाची पॉलिसी पाहिजे.",मी राजेश गावडे मला गव्हर्नमेंटची वीस रुपयाची पॉलिसी पाहिजे
Helpdesk,Hd_Q_40.ogg,"हेलो सर, मैं दर्शना बोल रही हूँ, मुंबई सेंटर दिल्ली भेजर से मेरा आयुष्मान कार्ड बनाने का है, क्या डॉक्यूमेंट्स लाने का है?",हेलो सर मैं दर्शना बोल रही हूँ मुंबई सेंटर डेली वेजर से मेरा आयुष्मान कार्ड बनाने का है क्या डॉक्यूमेंट्स लाने का है
Helpdesk,Hd_Q_41.ogg,"मी आरती शिराळ, माझं आणि माझ्या मुलाचं आधार कार्ड अपडेट केलं ते आलं नाही, मला पाहिजे आहे.",मी आरती शिराळ माझं आणि माझ्या मुलाचं आधार कार्ड अपडेट केलं ते आलं नाही मला पाहिजे आहे
Helpdesk,Hd_Q_42.ogg,"मी पुष्पा, माझं आयुष्मान कार हलवलं आहे, मला परत काढायचं आहे.",मी पुष्पा माझं आयुष्मान कार्ड हारवले आहे मला परत काढायचं आहे
Helpdesk,Hd_Q_43.ogg,"मी माझं नाव भारती पागे आहे, मला आयुष्मान कार्ड काढायचं आहे, काय काय डॉक्युमेंट लागतील?",मी माझं नाव भारती पागे आहे मला आयुष्मान कार्ड काढायचं आहे काय काय डॉक्युमेंट लागतील
Helpdesk,Hd_Q_44.ogg,"हाय दीदी, मैं कल्पना सनी बोल रही हूँ, बी सी ए ऑफिस से, मुझे आधार कार्ड और पैन कार्ड लिंक कराना है।",हाय दीदी मैं कल्पना सनी बोल रही हूँ बीसी ऑफिस से मुझे आधार कार्ड और पैन कार्ड लिंक कराना है
Helpdesk,Hd_Q_45.ogg,"मी सरिता पागे, माझ्या राशन कार्डवरती ऑनलाइन नावं दिसत नाही.",मी सरिता पागे माझ्या राशन कार्डवरती ऑनलाइन नावं दिसत नाही
Helpdesk,Hd_Q_46.ogg,"மே கலை ரசி, மேரா பேட்டி கே நேம் ரேஷன் கார்டு மே லகானேக்கா, உஸ்கோ ஆதார் கார்டு நய் ஹே, பெட் சர்டிபிகேட் ஹே.",मै कलैरसी मेरी बेटी का नाम राशन कार्ड में लगाना है उसके पास आधार कार्ड नहीं है बर्थ सर्टिफिकेट है
Helpdesk,Hd_Q_47.ogg,स्मित मी स्मिता भोसाळकर माझ्या पॅन कार्डवर आधार स्पेलिंग चेंज करायचे त्याच्यासाठी काय काय डॉक्युमेंट लागतील?,मी स्मिता भोसाळकर माझ्या पॅन कार्डवर आधार स्पेलिंग चेंज करायचे त्याच्यासाठी काय काय डॉक्युमेंट लागतील
Helpdesk,Hd_Q_48.ogg,"मी जयंती सावंत, माझ्या आईकडचं आदर रेशन करते, नाव कट केलंय पण ते दिसत नाहीये.",मी जयंती सावंत माझ्या आईकडचं आदर रेशन कार्डचे नाव कट केलंय पण ते दिसत नाहीये
Helpdesk,Hd_Q_49.ogg,"मी जयंती सावंत, मला माझ्या हजबंडचं आणि मुलांचं आयुष्मान कार्ड बनवायचं आहे.",मी जयंती सावंत मला माझ्या हजबंडचं आणि मुलांचं आयुष्मान कार्ड बनवायचं आहे
Helpdesk,Hd_Q_50.ogg,"मेरा नाम लक्ष्मी है, मेरा राशन कार्ड का है और राशन मेरे नाम पे मिलता है, तीनों बच्चों को नहीं मिलता है।",मेरा नाम लक्ष्मी है मेरा राशन कार्ड का है और राशन मेरा नाम पे मिलता है तीनों बच्चों को नहीं मिलता है
Helpdesk,Hd_Q_51.ogg,"मैं उमा रानी बोल रही हूँ एमआईडीसी से, मुझे आयुष्मान कार्ड मेरे हस्बैंड के लिए और मेरे बच्चे के लिए बनाना है, क्या क्या डॉक्यूमेंट चाहिए?",मैं उमा रानी बोल रही हूँ एमआईडीसी से मुझे आयुष्मान कार्ड मेरे हस्बैंड के लिए और मेरे बच्चे के लिए बनाना है क्या क्या डॉक्यूमेंट चाहिए
Helpdesk,Hd_Q_52.ogg,"मैं बबीता विलास परदेसी मुंबई सेंट्रल आईजीपी से, मुझे लोन चाहिए।",मैं बबीता विलास परदेसी मुंबई सेंट्रल आईजीपी से मुझे लोन चाहिए
Helpdesk,Hd_Q_53.ogg,"हॅलो प्रीती, मी सारिका बोलते. मला रेशन कार्डमध्ये ना गॅजेट तयार झाले ना, तर आता तिथे काय करायला जाऊ? काय काय डॉक्युमेंट्स घेऊन जायला लागेल?",हॅलो प्रीती मी सारिका बोलते मला रेशन कार्डमध्ये ना गॅजेट तयार झाले ना तर आता तिथे काय करायला जाऊ काय काय डॉक्युमेंट्स घेऊन जायला लागेल
Helpdesk,Hd_Q_54.1.ogg,मॉर्निंग अन्नू मैडम। मेरा ये महीने में लास्ट रहेगा वो देने का लोन का। फिर अगले महीने में मैं फ्री हो जाती हूं तो मुझे मिल जाएगा तो इस महीने में मिल जाता तो अगले महीने से फिर मेरा पैसा कटिंग करना चालू कर देते। मैंने गए महीने में चेक करवाया था मेरा ये मंथ है ना लास्ट था इसीलिए मैंने मैसेज डाला है।,मॉर्निंग अन्नू मैडम मेरा ये महीने में लास्ट रहेगा वो देने का लोन का फिर अगले महीने में मैं फ्री हो जाती हूँ तो मुझे मिल जाएगा तो इस महीने में मिल जाता तो अगले महीने से फिर मेरा पैसा कटिंग करना चालू कर देते मैंने गए महीने में चेक करवाया था मेरा ये मंथ है ना लास्ट था इसीलिए मैंने मैसेज डाला है
Helpdesk,Hd_Q_54.ogg,"हेलो, गुड आफ्टरनून, मैं शाहजहाँ बोल रही हूँ। मेरा लोन यह मही यह मंथ में एंड फिनिश हो जाएगा। नेक्स्ट मंथ में मुझे लोन वापस मिल सकता है क्या?",हेलो गुड आफ्टरनून मैं शाहजहाँ बोल रही हूँ मेरा लोन यह मही यह मंथ में एंड फिनिश हो जाएगा नेक्स्ट मंथ में मुझे लोन वापस मिल सकता है क्या
Helpdesk,Hd_Q_55.ogg,"सॉरी, गुड आफ्टरनून, मैं बी सी ऑफिस से वत्सला बामने, मुझे आयुष्मान कार्ड बनवाना है।",सॉरी गुड आफ्टरनून मैं बी सी ऑफिस से वत्सला बामने मुझे आयुष्मान कार्ड बनवाना है
Helpdesk,Hd_Q_56.ogg,"मैं जीसी ऑफिस से आदिका बोल रही हूँ, मेरा आधार कार्ड अपडेट करना है 2-3 महीना पहले। मैं यहाँ पर आई थी आई थी मैं, अभी तक आया नहीं है अपडेट के और कब तक आएगा।",मैं बीसी ऑफिस से हडिका बोल रही हूँ मेरा आधार कार्ड अपडेट करना है  दो - तीन महीना पहले मैं यहाँ पर कराई थीं ई जी पी मैं अभी तक आया नहीं है अपडेट करके और कब तक आएगा
Helpdesk,Hd_Q_57.1.ogg,"मेरा है ना आधार कार्ड, पैन कार्ड, वोटर आई डी, ये तीनों पे एड्रेस चेंज करना है।",मेरा है ना आधार कार्ड पैन कार्ड वोटर आई डी ये तीनों पे एड्रेस चेंज करना है
Helpdesk,Hd_Q_57.ogg,"मैं अंजम, मैं बी सी ऑफिस से बोल रही हूँ। मुझे ना डॉक्यूमेंट्स पे एड्रेस चेंज कराना है, तो क्या क्या अप्रूप लाना है तो आप मुझे बता दीजिए।",मैं अंजम मैं बी सी ऑफिस से बोल रही हूँ मुझे है ना डॉक्यूमेंट्स पे एड्रेस चेंज कराना है तो क्या क्या प्रूप लाना है तो आप मुझे बता दीजिए
Helpdesk,Hd_Q_58.ogg,"दिनेश सर, पहले मेरी बेटी का लाड़की बहना का पैसा मिल रहा था, अभी ये 2 महीने से नहीं मिल रहा है, ज़रा चेक करो ना क्या प्रॉब्लम है।",दिनेश सर पहले मेरी बेटी का लाड़की बहना का पैसा मिल रहा था अभी यह दो महीने से नहीं मिल रहा है जरा चेक करो ना क्या प्रॉब्लम है
Helpdesk,Hd_Q_59.ogg,"हे नावाचं लोन आज येणार होतं, आलं नाहीये हे.",हे नावाचं लोन आज येणार होतं आलं नाहीये हे
Helpdesk,Hd_Q_60.ogg,"हेलो प्रीति, एमआईडीसी से साइस्ता बोल रहे हो? आयुष्मान कार्ड बनवाने के लिए फैमिली कब बोला था?",हेलो प्रीति एमआईडीसी से साइस्ता बोल रहे हो आयुष्मान कार्ड बनवाने के लिए फैमिली का बोला था
Helpdesk,Hd_Q_61.ogg,"मैं सीमा बोल रही हूँ एमआरडीसी से, मुझे अपने हस्बैंड का वोटिंग कार्ड निकलवाने का है।",
Helpdesk,Hd_Q_62.ogg,"मैं सीमा बोल रही हूँ, मुझे अपनी लड़की का स्कॉलरशिप भरने का है।",
Helpdesk,Hd_Q_63.ogg,"मैं जुलेखा अंसारी बीसी से बोल रही हूँ, मुझे ना डुप्लीकेट कार्ड बनाना है, राशन कार्ड।",
Helpdesk,Hd_Q_64.ogg,पैशन कार्ड और इलेक्शन बनवाना है मतलब ट्रांसपोर्ट करना है मानपुर से इधर से अली में इधर करना है नंबर। एड्रेस चेंज करना है। हां एड्रेस चेंज। आपका नाम बताओ। नंदा नंदा रंजीत प्रदेश की।,
Helpdesk,Hd_Q_65.ogg,"सर मेरे लड़के ने इलेक्शन का फॉर्म सब भरा, 1 महीना हो गया अभी तक आया क्यों नहीं?",
Helpdesk,Hd_Q_66.ogg,"मी शीला सदा फुले एमएडीसी मधून बोलते, लोनचा फॉर्म भरायचा आहे.",
Helpdesk,Hd_Q_67.ogg,"मी आरती किरकिरे एमआयडीसीमधून बोलते, मला लोनचा फॉर्म भरायचा आहे.",
Helpdesk,Hd_Q_68.ogg,"मी गीता शिंदे एमआयडीसीमधून बोलते, मला लोन घ्यायचा आहे.",
Helpdesk,Hd_Q_69.ogg,"हेलो, मैं लुईसा हूँ, मुझे मेरे बच्चे का स्कॉलरशिप का फॉर्म भरने का है, इसलिए कौन सा डॉक्यूमेंट लगेगा?",
Helpdesk,Hd_Q_70.ogg,"मॅडम, लोन फॉर्म भरायला कधी येऊ?",
Helpdesk,Hd_Q_71.ogg,"मैं रानी सुधाकर, मुझे लोन चाहिए।",
Helpdesk,Hd_Q_72.1.ogg,"सर मैं बबीता विलास बोल रही हूँ, मुंबई सेंटर से मुझे लोन कब तक मिलेगा? कन्फर्म करो ना सर प्लीज़।",
Helpdesk,Hd_Q_72.ogg,"सर मैं बबीता विलास प्रदेश से मुंबई सेंटर से, मुझे लॉन ऑफ मोबाइल स्कूल के लिए पूछना था।",
Helpdesk,Hd_Q_73.ogg,"मैं उमा रानी एमएडी से बोल रही हूँ, मुझे एडवांस लोन चाहिए मैडम।",
Helpdesk,Hd_Q_74.ogg,"मी सानिका कुडाळकर एमआयडीसी ऑफिससे बोल रही हूं, मुझे लोन चाहिए.",
Helpdesk,Hd_Q_75.ogg,"मैं स्नेहा मिसाळ फ्रॉम एमआईबीसी, मुझे लोन के लिए अप्लाई करना है।",
Helpdesk,Hd_Q_76.ogg,"मी एमएडसी ऑफिसमधून अक्षता बेर्डे, मला मुलाचं आणि मित्रांचं आयुष्मान कार्ड काढायचं आहे.",
Helpdesk,Hd_Q_77.ogg,"हाय, मी मनीषा जाधव एमआयडीसीमधून बोलते. मला माझ्या मिस्टरांचं आणि मुलांचं आयुष्यमान काळ काढायचं आहे. ते काय डॉक्युमेंट्स लागतील?",
Helpdesk,Hd_Q_78.ogg,"मी सोनू राणे, मी एमआयडीसीवरून बोलते. मला माझ्या मुलांचा आणि हजबंडचा आयुष्मान कार्ड बनवायचा आहे.",
Helpdesk,Hd_Q_79.ogg,मी छाया निकम एमआरडीएस वरून बोलते आहे. हावड्यामध्ये मला लोन पाहिजे आहे.,
Helpdesk,Hd_Q_80.ogg,"मैं रामानंद एमआईडीसी से बोल रहा हूँ, मेरा पैन कार्ड गुम हो गया है, क्या क्या डॉक्यूमेंट लगेगा वह बताइए।",
Helpdesk,Hd_Q_81.1.ogg,"मैडम अभी मेरे पास स्टेशन है, मैं ये कल लेके आई चले गए।",
Helpdesk,Hd_Q_81.ogg,"हाय नंदिनी, अगर आपको आयुष्मान कार्ड बनाना है तो आपका राशन कार्ड का नाम होना ज़रूरी है और आधार कार्ड, आधार कार्ड से जो भी नंबर लिंक है वह नंबर लेकर आइए।",
Helpdesk,Hd_Q_82.ogg,"मी सुष्मिता बाबर एमआरडीसीवरून बोलते. आधार कार्डचा ॲड्रेस चेंज केलेला होता, तर अजून आलं नाही, चेक करायचं आहे.",
Helpdesk,Hd_Q_83.ogg,"मी नेहा एकवडे, मला माझ्या मुलाचा स्कॉलरशिपचा फॉर्म भरायचाय.",
Helpdesk,Hd_Q_84.ogg,"मी शहनाज बाबा बोलते आहे, लोन येणार आहे ना आज?",
Helpdesk,Hd_Q_85.ogg,"बोल दबा उंगली से दबा के बोल। हेलो सर, मैं भावना बोल रही हूँ। मेरे को है ना इलेक्शन का ये बनाना है और राशन कार्ड का कराने का है। वो आप बताओ मैं भेजो।",
Helpdesk,Hd_Q_86.ogg,"मैं साइस्ता बोल रही हूँ एमआईडीसी से, मुझे मेरे हस्बैंड का और बेटे का आयुष्मान कार्ड बनवाना है।",
Helpdesk,Hd_Q_87.ogg,सर मेरा आधार कार्ड पैन कार्ड लिंक कराना अभी तक मेरा काम हुआ नहीं है प्लीज जल्दी कराना,
Helpdesk,Hd_Q_88.ogg,"हाय मैम, मुझे पैसे की बहुत ज़रूरत है मैडम। अर्जेंटली मुझे पैसा चाहिए, इसके लिए मुझे लोन दीजिए मैडम। जो मेरा 2 हफ्ता है वो आप काट के दे सकते हो मैडम, मगर मुझे बहुत ज़रूरत है पैसे की, प्लीज़ प्लीज़ मैडम।",
Helpdesk,Hd_Q_89.ogg,"काय कुरियन बोलते आहे, मला लोनबद्दल बोलायचं आहे.",
Helpdesk,Hd_Q_9.ogg,"प्रीती, मला पण आरडीचं ॲड्रेस बदली करायचंय, मी येऊ का?",प्रीती मला पण आरडीचं ॲड्रेस बदली करायचं आहे मी येऊ का
Helpdesk,Hd_Q_90.ogg,"सर मैं रेनू परदेसी बोलती हूँ, हम लोग का पास लोग अभी तलक नहीं आए बोला था, 3 4 दिन में आ जाएगा पर अभी तलक पास नहीं आए दिल है सर।",
Helpdesk,Hd_Q_91.ogg,"मैं मुंबई सेंटर बीसी से बोल रही हूँ, मुझे आयुष्मान कार्ड बनाना है।",
Helpdesk,Hd_Q_92.ogg,"मी गीता शिंगडे एमआयडीसीमधून बोलते, प्रीती लोन कधीपर्यंत येणार?",
Helpdesk,Hd_Q_93.ogg,"हॅलो प्रीती मॅडम, मी कधी येऊ फॉर्म भरायला ऑफिसमध्ये तुम्ही सांगा.",
Helpdesk,Hd_Q_94.ogg,मला सिद्धीच्या स्कॉलरशिपसाठी मेल आला आहे.,
Helpdesk,Hd_Q_95.ogg,"हाय, मैं अप्सरा बीसी ऑफिस से वत्सला बामने, मुझे राशन कार्ड के बारे में पूछताछ करनी है दिनेश सर से, तो वो मुझे कब और कैसे मिलेंगे प्लीज़?",
Helpdesk,Hd_Q_96.ogg,"सर मेरा नाम रेखा है, मुझे लोन जानना है और लोन लेना है।",
Helpdesk,Hd_Q_97.ogg,"मैं शिव अर्जुन बेतवाला बोल रहा हूँ सर, मुझे आधार कार्ड और सेम कार्ड लिंक करवाना है, थैंक यू सर।",
Helpdesk,Hd_Q_98.ogg,"मैं राखी जी का लड़का बात कर रहा हूँ, मुझे कुछ दस्तावेज़ बनाने थे, पेन कार्ड, इलेक्शन कार्ड, आयुष्यमान कार्ड।",
Helpdesk,Hd_Q_99.ogg,मुझे पीए केवाईसी करना है।,
NextGen,NG_Q_1.ogg,बीआईटी में ट्यूशन टीचर नहीं आ रहे हैं।,
NextGen,NG_Q_2.ogg,मी स्नेहा मिसाळ एमआयडीसी वरनं मला प्रीती मॅडम शिरा फाउंडेशन बद्दल माहिती विचारायची आहे.,
Production,P_Q_1.ogg,"25 दिसंबर को हमारा ऑप्शनल छुट्टी था, तो हमने फिर भी इधर भरा था, तो हमको डबल मिलेगा या सिंगल पेमेंट मिलेगा? मैं बबीता विलास बोल रही हूँ।",पच्चीस दिसंबर को हमारा ऑप्शनल छुट्टी था तो हमने फिर भी इधर भरा था तो हमको डबल मिलेगा या सिंगल पेमेंट मिलेगा मैं बबीता विलास बोल रही हूँ
Production,P_Q_10.ogg,"मैं बीसी ऑफिस से हदिका बोल रही हूँ, अभी हम लोग को काम सही से मिल नहीं रहा है तो मैं क्या बोल रही थी? काम नहीं है तो टाइम चेंज कर दो, सुबह 9 बजे से बुला रहे हैं ना तो 11 बजे से बुलाओ और रात में भी जल्दी ही माल खत्म हो जाता है इसलिए मैं बोल रही थी टाइमिंग चेंज कर दो ना, 8 घंटे का कर दो, 12 घंटा क्यों रखे हैं? ऐसा हम लोग फिर बैठे रहते हैं।",
Production,P_Q_11.ogg,"हाय टेनी टीम, मैं भारती बोल रही हूँ बीसी ऑफिस से। मुझे मेरा पेमेंट के बारे में जानना है जनवरी का। यह जो पेमेंट आया है, इसमें हमने संडे को भी काम किया था। एक बार शूटिंग था और एक बार डेली बेसिस वाले के साथ फोल्डिंग का काम किया था फुल डे। तो उसका भी पेमेंट ऐड हुआ है या वह बाद में आएगा या सब साथ में आया है? मुझे बताएंगे।",
Production,P_Q_12.ogg,"मैं आदिका शेख बोल रही हूँ बॉम्बे सेंटर ऑफिस से, मेरी मशीन बहुत ज़्यादा ख़राब थी, अब्दुल भाई बोल रहे हैं लेके जाना पड़ेगा और मुझे दूसरी मशीन मिली है वो पहले से ही ख़राब है और उसको भी बोल रहे हैं लेके जाना पड़ेगा और मैं फुल डे आती हूँ, मैं कहाँ बैठूँ? मुझे जगह भी अरेंज करके नहीं दे रहे और दे रहे तो हाफ डे दे रहे, फिर मैं क्या करूँ अभी? फिर इधर उधर किधर बैठू नाही बैठू कोई बैठने भी नाही देगा ना ऐसा.",
Production,P_Q_13.ogg,"दीदी, आज जुको का समर गुडी बैग का 50 पीस मिला है, आज टाइम बढ़ाएंगे क्या? क्योंकि 7 बजे तक काम पूरा नहीं होगा।",
Production,P_Q_14.ogg,"मैं जुलेखा अंसारी बी सी से बोल रही हूँ, समर गुडी पैक मिला है, ज़रा हमारा टाइम बढ़ा दीजिए प्लीज़।",
Production,P_Q_15.ogg,"दीदी, 9 बजे तक जो टाइम था वह बढ़ा दो ना, दीदी हाथ में काम आया है।",
Production,P_Q_16.ogg,"मैं बीसी ऑफिस से बोल रही हूं। प्लीज दीदी यहां पर एक रूल एज रेगुलेशन बनाइए। यहां पर कैसा है? पीस कोई भी लेते हैं इसके वजह से बहुत मगजमारी होता है। पीस ले लेते हैं, बारकूट ले लेते हैं, लेबल ले लेते हैं, सब ले ले के एक्स्ट्रा ले के छुपा के रखते हैं। तो ये चीज नहीं होना चाहिए दीदी। फिर इस चीज के वजह से ना बहुत इशू होता है यहां पर। तो एक रूल बनाइए अगर हमारा पीस हो गया उनको बोलो चेक करने के लिए। पीस नहीं भी हुआ है। तो ये लोग छुपा देते हैं पीस बैग के नीचे और बोलते हैं एक दूसरे को दे देते हैं, बोलते हैं कि बोलना पूछने आएंगे तो मेरा पीस हो गया। तो ये चीज नहीं होना चाहिए दीदी, ये चीज के वजह से ना बहुत इशू होता है। फिर वो बोले उनको नहीं बोला, उनको नहीं बोलना, बोला ये नहीं होना चाहिए दीदी प्लीज। आई एम रिक्वेस्ट स्वीप।",
Production,P_Q_17.ogg,"गुड आफ्टरनून सर, फ्लोर पे बहुत सारा काम है। पीस सब फोल्डिंग करना है, कुछ थ्रेडिंग है, तो सब अगर दो टाइम दो घंटे का ओटी देंगे तो वो थोड़ा क्लीन हो जाएगा।",
Production,P_Q_18.ogg,"गुड आफ्टरनून मैडम। फ्लोर में है ना, चेकिंग के लिए भी पीस है और फोल्डिंग के लिए भी पीस उधर इधर है। दो घंटा ओटी देगा तो फ्लोर भी क्लीन रहेगा, हम कर सकते है।",
Production,P_Q_2.ogg,"हाय, मैं भारती बोल रही हूँ बी सी ऑफिस से। मुझे यह जानना है कि मुझे मेरा समर गुडी बैग कितना हुआ है और उसका कितना पैसा हुआ है और जी डब्ल्यू पी जो अभी चालू हुआ है वह कितना पीस हुआ है और उसका कितना पेमेंट हुआ है। यह महीने में मेरा टोटल कितना पेमेंट हुआ है मुझे वह जानना है।",हाय मैं भारती बोल रही हूँ बी सी ऑफिस से मुझे यह जानना है कि मुझे मेरा समर गुडी बैग कितना हुआ है और उसका कितना पैसा हुआ है और जी डब्ल्यू पी जो अभी चालू हुआ है वह कितना पीस हुआ है और उसका कितना पेमेंट हुआ है यह महीने में मेरा टोटल कितना पेमेंट हुआ है मुझे वह जानना है
Production,P_Q_20.ogg,"हेलो अनु दीदी, मैं सीता बोल रही हूँ। मेरा पेमेंट में ₹1000 कम आया है। आप ज़रा चेक करके देखिए ना। मैंने ना 2 संडे को मैंने टेलीविज़न का काम किया था। एक एक बार मैंने शूटिंग का काम किया था और एक बार टेलीविज़न का काम किया। आप देख के बताइए।",
Production,P_Q_21.ogg,"मैं मुंबई सेंटर से नंदनी परदेसी बोल रही हूँ, मैं भी इसी से बोल रही हूँ। मेरा अल्टर है ना, ललिता है ना, मेरा अल्टर बहुत निकालती है, बहुत हद से ज़्यादा। वो ऐसा लगता है कभी-कभी अपने से ही अल्टर को कट कर देती है।",
Production,P_Q_22.ogg,"दीदी मैं बीसी से बोल रहा हूं शक्ति। अब आज सुबह क्या हुआ दीदी हम लोग ऑल्टर लेते हैं ना तो तापट तोप बना के दे देते हैं। जो ब्लू धागा रहता है या नहीं रहता है ना तो ब्लू धागा लगाने के बाद में हम लोग ऑल्टर दे देते हैं। अभी कल की बात है सबको मैं दे दिया तीनों जन मेरे को ऑल्टर दिए थे। सबको दे दिया है बाला बोलती है तीन चार दिन पहले मैं दी थी तो दिया ही नहीं अभी तक। ऐसा बोला मेरे पास कुछ है ही नहीं पीस। 25 के अलावा जो एक्स्ट्रा रहेगा तो मैं दूंगा ना, तो बाद में थोड़ा आज सुबह इशू हो गया।",
Production,P_Q_23.ogg,"हेलो, मैं बीसीजी से बोल रही हूँ और मैं जो भी अल्टर देती हूँ इधर पर चेक इन करके, तो इधर कोई अपसेट करता नहीं है हमें। सपना परदेसी के सामने अल्टर दी थी और वो शक्ति अपसेट करता ही नहीं है और मैं बोलने के अल्टर मांग रही है, मांग रहे तो वो चिल्ला चिल्ला के हम लोग के ऊपर अकड़ता है। हम लोग को अपसेट करता नहीं लेडीज़ लोग से कैसा बात करने का, ऐसा ऐसा बात पे हम लोग को सब कोई। जितने जन है ना उतने जन बोलते हैं और अल्टर करके ही नहीं देते झूठ झूठ बोलते हैं दिए हैं हम लोग दिया है और बोलने जाएंगे तो लड़ने के लिए चढ़ते हैं मैं भावना भावना परदेसी बोल रही हूं",
Production,P_Q_24.ogg,"हेलो सर, मैं ये बोल रहा हूँ मुंबई चल रहे थे। ये आशीष भी देने वाला नाटक करता है बोले। लाख लाख देता है, दोस्तों को अच्छा भी देता है। तो बोलता है करना है करो तो जाओ बोलता है।",
Production,P_Q_25.ogg,दीदी सब ऐसा पीस है मुड़ा हुआ तो सब बोलते हैं हमको सीधा सीधा पीस दे मुड़ा वाला नहीं चाहिए।,
Production,P_Q_26.ogg,"मैं बीसी ऑफिस से हदीका बोल रही हूँ, मेरी मशीन ख़राब थी तो फिर बनने के लिए गई थी, 4 दिन के बाद आई है बनके, फिर भी मशीन वैसे ही चल रही है, मशीन ठीक हुई नहीं है और मुझे बहुत प्रॉब्लम हो रहा है और मेरी जगह चेंज हो सकती है, मेरी जगह चेंज ख़राब होती है, तो जगह चेंज करना। तो फिर ये जगह चेंज करना ये प्रॉब्लम हो रहा है इधर पे।",
Production,P_Q_27.ogg,"हाँ सर, मैं राकेश सर से बात करना चाहती हूँ। मैं ग्रैंड रोड के ऑफिस से बोल रही हूँ, यास्मीन अय्यूब खान। मेरे को आशीष के खिलाफ कंप्लेंट करना है। वह वह है ना किसी को मतलब पॉलिसिटी मतलब पीस बराबर दे नहीं रहा है। किसी किसी को एकदम अच्छा निकाल के दे रहा है और किसी के साथ ऐसा बोलता है और सामने वाला बोलेगा तो बोलता है डायरेक्ट घर जाओ।",
Production,P_Q_28.ogg,"राकेश सर, यह मैसेज आपके लिए है। मैं बी सी ऑफिस से भारती बोल रही हूँ। फ्लोर में अभी भी जब माल खत्म होता है, यानी पीस खत्म होता है, जब थोड़ा पीस बचता है, तो फ्लोर में सभी लोग के पास में, बहुत सारे लोग के पास में बिना एंट्री कराए एक-एक पी मतलब एक-एक 25 का बंच होता है सर, हाँ। और ना सुपरवाइजर लोग ध्यान देते हैं या नहीं देते हैं यह मुझे नहीं मालूम, लेकिन बहुत सारे लोग के पास रहता है, वह लोग को बोलो ध्यान देने के लिए। ठीक है, मैं अपना भी बता रही हूँ, 2-4 पीस एक्स्ट्रा रखते हैं हम, सभी रखते हैं, 2-4 पीस जो भी है, 2-4, 5-6 जो भी है, एक्स्ट्रा रखते हैं, लेकिन एंड में हम लोग उसको एडजस्ट करते हैं। लेकिन ऐसे नहीं करते हैं कि हम एंट्री कराए नहीं हैं और पीस लेकर रख लिए हैं क्योंकि हमको पता चल गया है कि अब पीस थोड़ा है, माल खत्म होने वाला है, आएगा कब आएगा कब नहीं आएगा, तो हम ऐसे करके रख लें। तो बहुत सारे लोग हैं जिनका मैं नाम नहीं ले सकती क्योंकि मुझे है ना सभी को डर रहता है कि हमारी बात लीक होती है इसीलिए मैं नाम नहीं ले सकती हूँ। लेकिन प्लीज़ आप सुपरवाइज़र को बोलो कि चेक करें जब भी माल थोड़ा होता है, सबके पास पीस चेक करें किसके पास है या नहीं है, फ़ाइल चेक करें कल का कितना माल है, कितना लिए हैं। सर इसमें क्या प्रॉब्लम है? जो स्लो है उनको नहीं मिल पाता, मेरे जैसे बहुत सारे लोग स्लो हैं और ऐसे चालाक लोग जो फ़ास्ट हैं बहुत सारे लोग। हैं 5-6 लोग जिसका मैं नाम नहीं लूँगी, तो वो लोग क्या करते हैं, ऐसे करते हैं।",
Production,P_Q_3.ogg,"హలో సార్, గుడ్ ఈవెనింగ్. ఇదర్ ఎక్స్ట్రా కామ్ రే కనా అప్నా సబ్ లేడీస్ లోక్ బోల్ రే. ఈవెనింగ్ మే ఏక్ గంట ఓర్ టైం చాహియే. శాయిద్ ఫిబ్రవరి మే సే ఉన్ లోక్ కో చాహియే కర్కే బోల్ రే.",हेलो सर गुड इवनिंग इधर एक्स्ट्रा काम रहेगा ना अपना सब लेडीज लोग बोल रहे हैं इवनिंग में एक घंटा और टाइम चाहिए शायद फरवरी में से उन लोग को चाहिए करके बोल रहे हैं
Production,P_Q_4.ogg,"हमें ओटी के टाइम में शाम को ही नाश्ता चाहिए, 4 बजे नाश्ता करेंगे तो 7 बजे भूख लगती है और चाय भी नहीं मिलती है।",हमें ओटी के टाइम में शाम को ही नाश्ता चाहिए चार बजे नाश्ता करेंगे तो सात बजे भूख लगती है और चाय भी नहीं मिलती है
Production,P_Q_5.ogg,"हमें 4 बजे नाश्ता नहीं चाहिए, 6.30 बजे चाय और नाश्ता दोनों चाहिए।",हमें चार बजे नाश्ता नहीं चाहिए साडे छेह बजे चाय और नाश्ता दोनों चाहिए
Production,P_Q_6.ogg,"हमें 4 बजे नाश्ता नहीं चाहिए, हमें 6.30 बजे नाश्ता और चाय चाहिए।",हमें चार बजे नाश्ता नहीं चाहिए हमें साडे छेह बजे नाश्ता और चाय चाहिए
Production,P_Q_7.ogg,"हेलो, मैं संचिता आईके बोल रही हूँ। मेरे मशीन पर जो भी कारीगर बैठता है, सब कुछ चीज़ कोई भी जगह पर नहीं रखता है। स्क्रू ड्राइवर नहीं है, पट्टी नहीं है, मशीन का सिलाई बड़ा टाका करके ऐसे ही छोड़ के जाता है।",हेलो मैं संचिता आईके बोल रही हूँ मेरे मशीन पर जो भी कारीगर बैठता है सब कुछ चीज़ कोई भी जगह पर नहीं रखता है स्क्रू ड्राइवर नहीं है पट्टी नहीं है मशीन का सिलाई बड़ा टाका करके ऐसे ही छोड़ के जाता है
Production,P_Q_8.1.ogg,"दीदी, मैंने मैसेज नहीं देखा था, मैं मैसेज अभी देख रहा हूं। लेकिन ये स्टाफ लोग उधर बैठे हैं, वो खाना खाने गया तो उससे चाबी ले लेने का ना दीदी। चाबी लेके फिर हम लोग जो हम लोग का खाना खाने हम लोग गए हो हम हम लोगों को मालूम है हम लोगों का टाइम वेस्ट होएगा। लेकिन खाना खा के आए हैं, वो खाना खाने गया तो आप लोग चाबी ले लेना चाहिए ना उससे कि कोई आएगा कुछ चीज मांगेगा तो देना पड़ेगा। तो इसके हिसाब से मैंने मैसेज किया। राकेश सर ने बोला था कुछ। वो अडेक्शन का कुछ होएगा तो तुम मेरे को बोलो, तो मैंने मैसेज भेजा दीदी और क्या?",
Production,P_Q_8.ogg,"हेलो सर, मैं धनराज बोल रहा हूँ, राकेश सर, मैं अभी इधर पर हूँ, अभी ऑफिस में मैं लेबल मांग रहा हूँ, तो लेबल मेरे को नहीं दे रहे सर और मैं अभी वो लेबल की वजह से मेरा काम रुका है अभी।",हेलो सर मैं धनराज बोल रहा हूँ राकेश सर मैं अभी इधर पर हूँ अभी ऑफिस में मैं लेबल मांग रहा हूँ तो लेबल मेरे को नहीं दे रहे सर और मैं अभी वो लेबल की वजह से मेरा काम रुका है अभी
Production,P_Q_9.ogg,"मैं नंदिनी बोल रही हूँ मुंबई सेंटर बीसी से, आज मेरा मशीन के लिए थोड़ा मचमच हुआ। रोहिणी दीदी ने मुझे मशीन से उठाया, उस मशीन में सरजू ने बैठा। सरजू और जब मैंने पूछा कि दीदी मैं यहाँ से नहीं उठूँगी क्योंकि मैं भी काम करने आती हूँ, मुझे भी फिर मशीन नहीं मिलता है 3 बजे के बाद। तो बोला नहीं नहीं तुम उठो, तुम कल्पना के मशीन में बैठो। तो मैं बोली हाफ डे से मैं वापस से। सुनील सुनील के मशीन में बैठूंगी। सरजू का मशीन खराब था। तो मैंने सरजू को बोला कि तू यहां से मेरा भी मेरा अभी 3 बजे के बाद तू यहां पर बैठोगी तो मुझे डायरेक्टली बोला यहां से मैं मैं नहीं उठूंगा जाके तू दीदी को जो बोलना है बोल दे। जब मैं दीदी रोहिनी दीदी के पास गई तो रोहिनी दीदी ने बोला नहीं नहीं वो सरजू ही बैठेगा। दीदी हम लोग को हर डे से मशीन नहीं मिलता हम लोग यहां वहां बैठ के पीस मारते थे। प्लीज हम लोग के लिए कुछ करो। और जयश्री भी मुझे कितना उल्टा सीधा बोले कि हां मैं अभी मंजली को फोन करके बोलती हूं इसको बात करने नहीं आता है बल्कि जो कि सरजू अंकल को बात करने नहीं आ रहा है और वो भी मुझे बोले सरजू और जयश्री दोनों मुझे बोल रहे थे प्लीज हम लोग का मशीन का कुछ करो दीदी",मैं नंदिनी बोल रही हूँ मुंबई सेंटर बीसी से आज मेरा मशीन के लिए थोड़ा मचमच हुआ रोहिणी दीदी ने मुझे मशीन से उठाया उस मशीन में सरजू ने बैठा सरजू और जब मैंने पूछा कि दीदी मैं यहाँ से नहीं उठूँगी क्योंकि मैं भी काम करने आती हूँ मुझे भी फिर मशीन नहीं मिलता है तीन बजे के बाद तो बोला नहीं नहीं तुम उठो तुम कल्पना के मशीन में बैठो तो मैं बोली मैं हाफ डे से मैं वापस से सुनील के मशीन में बैठूँगी सरजू का मशीन खराब था तो मैंने सरजू को बोला कि तो यहां से मेरा भी मेरा अभी तीन बजे के बाद तू यहां पर बैठोगी तो मुझे डायरेक्टली बोला यहां से मैं मैं नहीं उठूंगा जाके तू दीदी को जो बोलना है बोल दे जब मैं दीदी रोहिनी दीदी के पास गई तो रोहिनी दीदी ने बोला नहीं नहीं वो सरजू ही बैठेगा दीदी हम लोग को हफ डे से मशीन नहीं मिलता हम लोग यहाँ वहाँ बैठ के पीस मारते प्लीज हम लोग के लिए कुछ करो और जयश्री भी मुझे कितना उल्टा सीधा बोले कि हाँ मैं अभी मंजरी को फ़ोन करके बोलती हूँ इसको बात करने नहीं आता है बल्कि जो कि सरजू अंकल को बात करने नहीं आ रहा है और वो भी मुझे बोली सरजू और जयश्री दोनों मुझे बोल रहे थे प्लीज हम लोग का मशीन का कुछ करो दीदी
